frequency,raw
20.000000000000004,-3.5925318839856044
20.067605508258467,-3.5944075639678097
20.135439541754284,-3.5962852113704953
20.20350287296568,-3.598164847382653
20.271796276982094,-3.600046493088061
20.34032053151297,-3.6019301694661197
20.40907641689662,-3.6037790532350167
20.478064716109134,-3.6056150604613353
20.54728621477325,-3.607452985597609
20.616741701167346,-3.6092928486152003
20.6864319662344,-3.6111346693797897
20.756357803590973,-3.612959720991699
20.82652000953629,-3.6147556144305186
20.896919383061288,-3.6165533558994096
20.967556725857687,-3.618352964273802
21.038432842327182,-3.620154458322596
21.10954853959054,-3.6219578567093786
21.18090462749683,-3.6238971408490395
21.25250191863264,-3.6258396750089124
21.324341228331296,-3.627784626112662
21.39642337468222,-3.629732013945681
21.46874917854015,-3.6316818581938777
21.541319463534588,-3.633634178439545
21.61413505607911,-3.6355889941707833
21.687196785380777,-3.6375463247700948
21.760505483449627,-3.639506189523933
21.83406198510812,-3.641468607619825
21.907867128000625,-3.6434656673473818
21.981921752602993,-3.645566167845784
22.05622670223213,-3.6476697279520724
22.130782823055547,-3.6497763679735384
22.205590964101077,-3.651886108129329
22.280651977266455,-3.6539989685415244
22.35596671732911,-3.656279886032614
22.431536041955837,-3.658587970264329
22.50736081171256,-3.6608998731750924
22.5834418900742,-3.663215616675487
22.659780143434396,-3.6655352225900417
22.736376441115492,-3.667821950845613
22.813231655378377,-3.6700884249072057
22.89034666143237,-3.6723586204133944
22.9677223374453,-3.6746325581589963
23.045359564553426,-3.6769102588410507
23.123259226871458,-3.679229562962265
23.201422211502702,-3.681641945571487
23.279849408549108,-3.6840585823233525
23.35854171112138,-3.6864794950276907
23.437500015349237,-3.688904705411707
23.51672522039151,-3.6913342351232474
23.59621822844647,-3.693709021834706
23.67597994476207,-3.696085424035409
23.756011277646213,-3.698466001016142
23.83631313847718,-3.7008507733986495
23.916886441713913,-3.703239761715905
23.997732104906515,-3.705597666682251
24.07885104870666,-3.707935123560881
24.160244196878043,-3.7102766545871435
24.24191247630697,-3.7126222792840724
24.32385681701288,-3.7149720170842664
24.406078152158894,-3.717325887339857
24.48857741806252,-3.719683909322638
24.57135555420627,-3.7220461022150517
24.654413503248353,-3.7244124851106215
24.73775221103344,-3.7267830770356674
24.82137262660338,-3.7291578969114174
24.905275702208097,-3.731483738345839
24.98946239331635,-3.7338075446495336
25.07393365862665,-3.736135433984549
25.158690460078187,-3.7384674242715596
25.243733762861737,-3.740803533339905
25.32906453543071,-3.7430039331604896
25.41468374951219,-3.7451042975065296
25.500592380117883,-3.7472080087036788
25.586791405555378,-3.7493150814607117
25.67328180743918,-3.751425530376571
25.76006457070192,-3.753527305240126
25.847140683605573,-3.755592191480751
25.934511137752747,-3.7576603201467713
26.02217692809787,-3.75973170486523
26.110139052958676,-3.7618063591664996
26.1983985140274,-3.7638842964878116
26.28695631638233,-3.765600533458389
26.375813468499196,-3.767263635457598
26.464970982262617,-3.768928635610689
26.554429872977696,-3.770595542157245
26.644191159381517,-3.7722643632124018
26.7342558636548,-3.7739144088842163
26.82462501143352,-3.775544818377061
26.915299631820556,-3.7771770231930497
27.006280757397462,-3.77881103051439
27.097569424236205,-3.7804468474094404
27.189166671910932,-3.782084480832187
27.281073543509866,-3.78372393761896
27.373291085647153,-3.785365224498005
27.465820348474757,-3.7870083480733343
27.55866238569449,-3.7886533148417523
27.6518182545699,-3.7903001311740616
27.745289015938447,-3.79161384403891
27.839075734223485,-3.792847122979025
27.933179477446387,-3.7940808594848003
28.027601317238783,-3.7953150547078622
28.12234232885466,-3.796549709654107
28.2174035911827,-3.7976608465925374
28.31278618675852,-3.7986469613389304
28.40849120177697,-3.79963269481171
28.504519726104583,-3.80061804464718
28.600872853291932,-3.8016030083369663
28.69755168058606,-3.802587583227131
28.79455730894304,-3.8035717665283495
28.89189084304048,-3.804555555304304
28.989553391290073,-3.8055389464725713
29.08754606585029,-3.806521936809833
29.185869982638955,-3.807504522952853
29.28452626134604,-3.8083244526313016
29.38351602544639,-3.8090907122426843
29.48284040221244,-3.8098558282146686
29.58250052272719,-3.8106197941483564
29.682497521896956,-3.811382603482763
29.78283253846438,-3.8121337733456273
29.883506715021376,-3.8128696258885673
29.984521198022087,-3.813604217999154
30.085877137796036,-3.8143375422350716
30.18757568856117,-3.815069590986942
30.289618008436975,-3.8157806023245224
30.39200525945773,-3.816299786339973
30.494738607585724,-3.816816960271955
30.597819222724464,-3.8173321134862124
30.701248278732127,-3.8178452351787304
30.805026953434773,-3.8183563144022012
30.909156428639907,-3.818708569169798
31.01363789014985,-3.8190086023203498
31.11847252777523,-3.819305859642627
31.223661535348608,-3.8196003271467034
31.329206110737985,-3.8198919906811706
31.43510745586052,-3.8201669481341676
31.541366776696176,-3.820420245224295
31.64798528330143,-3.820670584218464
31.754964189823134,-3.820917949888065
31.862304714512263,-3.8211623268182273
31.9700080797378,-3.821403699424885
32.078075512000694,-3.8216420519419523
32.18650824194782,-3.8218773684279106
32.295307504385924,-3.8221096327636848
32.404474538295815,-3.822338828653747
32.51401058684631,-3.8225649396158476
32.623916897408556,-3.822777148753
32.734194721570134,-3.8229809266603714
32.84484531514929,-3.8231815146791956
32.955869938209375,-3.823378895430005
33.067269855073,-3.82357305135239
33.179046334336604,-3.8236933724751423
33.29120064888482,-3.8236782604996056
33.403734075904936,-3.823659184541747
33.51664789690154,-3.823636124006146
33.62994339771106,-3.823609058102805
33.74362186851634,-3.823577186959526
33.857684603861465,-3.8235175175849787
33.972132902666424,-3.8234536964273036
34.086968068241866,-3.823385701646505
34.20219140830406,-3.8233135112333287
34.317804234989644,-3.823237102968164
34.433807864870694,-3.823156454445407
34.550203618969654,-3.82307154307019
34.66699282277435,-3.822982346040281
34.78417680625318,-3.8228888403801826
34.90175690387013,-3.822791002900574
35.019734454600105,-3.822680799255998
35.1381108019441,-3.822550361628528
35.25688729394449,-3.8224154408093596
35.37606528320041,-3.8222760125638033
35.4956461268832,-3.8221320524633406
35.61563118675173,-3.821983535886275
35.736021829168045,-3.8218192820664254
35.85681942511289,-3.8216499627274287
35.97802535020122,-3.8214759725969123
36.099640984698055,-3.8212972861338677
36.22166771353398,-3.8211138775894358
36.34410692632112,-3.8209188112948076
36.466960017368834,-3.8207144257483043
36.5902283856996,-3.820505200988326
36.713913435065045,-3.8202911103384785
36.83801657396178,-3.8200721269443805
36.9625392156476,-3.8198452803406533
37.087482778157465,-3.819605128041824
37.2128486843197,-3.8193599629901462
37.33863836177216,-3.819109757386211
37.46485324297849,-3.818854483219716
37.59149476524451,-3.818594112303193
37.7185643707345,-3.8183182067116417
37.846063506487674,-3.8180363629197536
37.973993624434584,-3.8177492987240833
38.10235618141378,-3.8174569849798137
38.23115263918826,-3.8171593923576865
38.36038446446222,-3.8168429813195135
38.49005312889774,-3.8165129490503378
38.62016010913146,-3.8161774750039235
38.750706886791534,-3.8158365287726483
38.88169494851435,-3.815490079746778
39.0131257859616,-3.815135431070775
39.14500089583717,-3.8147672701503708
39.27732177990424,-3.8143934775207264
39.41008994500234,-3.814014021637154
39.543306903064526,-3.8136288707603945
39.67697417113463,-3.8132379929146167
39.81109327138451,-3.813000065838787
39.945665731131385,-3.812774013655958
40.08069308285518,-3.8125427336219437
40.21617686421609,-3.812306194957896
40.35211861807197,-3.8120643667195053
40.488519892496,-3.8116963725487465
40.62538224079428,-3.811233234956925
40.76270722152344,-3.810764001700965
40.900496398508565,-3.810288638600857
41.0387513408608,-3.809807111293369
41.17747362299538,-3.8093540366116385
41.316664824649486,-3.809035633408753
41.45632653090026,-3.8087115550658734
41.5964603321828,-3.808381768394525
41.73706782430831,-3.8080462399916404
41.87815060848233,-3.807704936268244
42.01971029132288,-3.80750483606704
42.161748484878814,-3.8073263129806745
42.3042668066481,-3.8071425022183223
42.447266879596384,-3.8069533713762724
42.59075033217527,-3.8067588878636482
42.73471879834107,-3.8065438936333966
42.87917391757332,-3.8063093642902612
43.02411733489335,-3.8060692844957997
43.169550700883235,-3.80582362054084
43.31547567170437,-3.805572338547061
43.461893909116505,-3.8053132725821484
43.60880708049657,-3.8050363469666553
43.756216858857705,-3.8047536521156338
43.90412492286826,-3.804465153210899
44.05253295687094,-3.8041708152244653
44.201442650902045,-3.803870602960901
44.350855700710625,-3.803704076996063
44.50077380777786,-3.8035651746694215
44.65119867933635,-3.8034208766301787
44.802132028389686,-3.803271148882643
44.95357557373179,-3.8031159572376967
45.10553103996666,-3.803123369962265
45.25800015752792,-3.8032964840281633
45.410984662698496,-3.8034651776161037
45.56448629763047,-3.803629419703132
45.71850681036483,-3.8037891790766802
45.873047954851465,-3.8039413766039742
46.028111490969096,-3.8040715712661846
46.18369918454533,-3.804197119303073
46.33981280737672,-3.804317988611204
46.49645413724895,-3.8044341469216385
46.653624957957206,-3.8045455617896686
46.81132705932633,-3.8049276989210576
46.9695622372313,-3.8053614751841462
47.12833229361758,-3.805791531788359
47.28763903652179,-3.806217839434194
47.44748428009214,-3.806640368671745
47.6078698446092,-3.8072149348938216
47.768797556506605,-3.807951891421473
47.93026924839177,-3.808686069005693
48.09228675906692,-3.8094174412836037
48.25485193354984,-3.810145981760989
48.41796662309507,-3.8108890296832247
48.58163268521486,-3.811770019998766
48.74585198370038,-3.8126486329897893
48.9106263886429,-3.8135248434556357
49.075957776455105,-3.8143986260624465
49.24184802989251,-3.8152699553559173
49.408299038074865,-3.8165211109949317
49.57531269650765,-3.8178851238078173
49.74289090710363,-3.8192482885075205
49.91103557820467,-3.8206105848458702
50.079748624603205,-3.8219719924960915
50.24903196756433,-3.82339402134834
50.41888753484751,-3.8249049877418417
50.589317260728485,-3.826415515655565
50.76032308602153,-3.8279255860945915
50.93190695810125,-3.829435180015539
51.10407083092501,-3.830983682577281
51.276816665055065,-3.8329760277560223
51.45014642768095,-3.834969473987401
51.624062092641765,-3.836964007424052
51.79856564044874,-3.8389596141469844
51.973659058307845,-3.840956280189135
52.14934434014229,-3.843300959374011
52.32562348661537,-3.8457725729988756
52.502498505153056,-3.8482468021566336
52.67997140996709,-3.8507236380701566
52.858044222077694,-3.8532030719368726
53.0367189693368,-3.8557370362305883
53.21599768645099,-3.8583612095412554
53.39588241500468,-3.860988426022693
53.57637520348349,-3.863618678354959
53.757478107297366,-3.8662519592373994
53.939193188804225,-3.8689115178892837
54.121522517333254,-3.872012083608087
54.30446816920859,-3.8751172149670468
54.48803222777287,-3.878226909882996
54.672216783410974,-3.8813411662701545
54.85702393357395,-3.8844599820678636
55.04245578280275,-3.8877725777750656
55.2285144427523,-3.8911663043471134
55.41520203221541,-3.894565482726111
55.602520677147105,-3.897970113957356
55.790472510688616,-3.9013801991399357
55.97905967319187,-3.9048905271919856
56.16828431224375,-3.908571243807564
56.358148582690504,-3.912258295835071
56.54865464666248,-3.9159516875008777
56.73980467359848,-3.9196514230977884
56.931600840270704,-3.9233596197074516
57.12404533080943,-3.927326036600801
57.31714033672791,-3.9312996692187956
57.510888056947245,-3.9352805250267644
57.705290697821525,-3.9392686115697324
57.90035047316296,-3.9432639364805477
58.09606960426703,-3.9473473213327908
58.292450319937835,-3.951483031309063
58.48949485651337,-3.9556264286253797
58.687205457891174,-3.9597775227186927
58.885584375553655,-3.9639363231439453
59.084633868593954,-3.9680625692421754
59.28435620374156,-3.972112373824228
59.48475365538805,-3.9761694934273577
59.68582850561318,-3.9802339366240305
59.88758304421066,-3.984305712115798
60.0900195687144,-3.9883848290683868
60.2931403844246,-3.9924747472477793
60.49694780443403,-3.9965720362224215
60.701444149654286,-4.0006767052444845
60.906631748842294,-4.004788763679489
61.11251293862688,-4.008908221044747
61.31909006353527,-4.013113323396785
61.52636547601989,-4.017373229189794
61.73434153648501,-4.0216409879486426
61.94302061331383,-4.025916611200298
62.15240508289521,-4.030200110649048
62.36249732965096,-4.034327031489318
62.5732997460629,-4.038071575866231
62.78481473269999,-4.041822157331614
62.99704469824591,-4.045578781922064
63.209992059526215,-4.049341455835759
63.4236592415361,-4.053110185438064
63.638048677467886,-4.056832103830531
63.85316280873877,-4.060555535119367
64.06900408501856,-4.064284848056257
64.28557496425763,-4.068020049009921
64.50287791271495,-4.071761144567731
64.72091540498609,-4.075295898368028
64.93968992403147,-4.078694121229824
65.15920396120454,-4.082097060590584
65.37946001628028,-4.085504719752571
65.6004605974835,-4.088917102163121
65.82220822151761,-4.092233825375501
66.04470541359316,-4.095227847216924
66.26795470745648,-4.098225157758675
66.49195864541885,-4.101225756371179
66.71671977838506,-4.104229642625304
66.94224066588282,-4.1072368162935184
67.1685238760917,-4.1097675489135606
67.39557198587242,-4.112258952380566
67.6233875807962,-4.114751878140835
67.85197325517414,-4.117246320823862
68.08133161208693,-4.1197422752769
68.31146526341435,-4.121975554631004
68.54237682986505,-4.1240104968531615
68.77406894100636,-4.126045368103867
69.00654423529437,-4.128080158782171
69.23980536010373,-4.130114859490509
69.47385497175809,-4.132078329248584
69.70869573556014,-4.133802644373403
69.94433032582201,-4.135525794144179
70.1807614258958,-4.137247766497394
70.41799172820397,-4.138968549590445
70.65602393427025,-4.140688131815668
70.89486075475018,-4.141892333555142
71.13450490946212,-4.143008011037882
71.37495912741808,-4.144120421090507
71.61622614685488,-4.145229546181315
71.85830871526545,-4.146335369012206
72.1012095894299,-4.147281372525558
72.34493153544712,-4.148089840991491
72.589477328766,-4.148893974086112
72.83484975421742,-4.14969375216246
73.08105160604555,-4.150489155808415
73.32808568794003,-4.151189495011273
73.57595481306774,-4.151508708069723
73.82466180410471,-4.151821910135047
74.07420949326853,-4.152129077487561
74.32460072235035,-4.15243018668126
74.57583834274745,-4.152725214529049
74.82792521549557,-4.152681963488078
75.0808642113016,-4.152560672964131
75.33465821057614,-4.152431867223968
75.58931010346632,-4.15229551955408
75.8448227898889,-4.152151603533259
76.10119917956307,-4.151852568218094
76.35844219204375,-4.151404184598467
76.61655475675464,-4.150947177289539
76.87553981302183,-4.15048151772804
77.13540031010699,-4.150007177626103
77.39613920724122,-4.149494972503825
77.65775947365869,-4.148792116873243
77.9202640886302,-4.148079784214953
78.18365604149751,-4.147357945080634
78.44793833170704,-4.146626570328097
78.71311396884423,-4.145885631154133
78.97918597266774,-4.14506116729136
79.24615737314387,-4.144210964276349
79.514031210481,-4.143350808012803
79.78281053516419,-4.142480670027703
80.05249840799011,-4.141600522181085
80.32309790010171,-4.140690429323152
80.5946120930233,-4.139746269565231
80.86704407869543,-4.1387918693222066
81.14039695951045,-4.13782720144329
81.41467384834752,-4.136852239166384
81.68987786860825,-4.135862254841705
81.96601215425225,-4.13482317553283
82.24307984983264,-4.133773577018337
82.52108411053214,-4.13271343364447
82.80002810219875,-4.131642720169528
83.07991500138196,-4.130561411775927
83.36074799536888,-4.129547986226208
83.64253028222056,-4.128545622366504
83.92526507080828,-4.127532930494072
84.2089555808502,-4.126509888711326
84.49360504294809,-4.125476475570119
84.77921669862401,-4.124491748795652
85.0657938003573,-4.1235795458494415
85.35333961162144,-4.122657390147811
85.64185740692153,-4.12172526381956
85.93135047183122,-4.120783149473166
86.22182210303045,-4.1198397850901465
86.51327560834281,-4.118994573227769
86.80571430677314,-4.118139719586272
87.0991415285456,-4.1172752102287875
87.39356061514125,-4.116401031763232
87.68897491933643,-4.115517171360583
87.9853878052407,-4.114860031668463
88.28280264833532,-4.1142832209608615
88.5812228355115,-4.113697796712238
88.88065176510904,-4.113103752129421
89.18109284695522,-4.112501081019303
89.48254950240342,-4.111923350420331
89.78502516437212,-4.111386273811265
90.08852327738394,-4.110840835920142
90.39304729760508,-4.110287034028135
90.69860069288438,-4.1097248660455055
91.00518694279307,-4.109177904054237
91.31280953866433,-4.109076498597871
91.62147198363282,-4.108968338877512
91.93117779267496,-4.108853430948848
92.24193049264862,-4.108731781585684
92.5537336223335,-4.108603398274913
92.86659073247132,-4.108556826748885
93.18050538580634,-4.108543322318097
93.49548115712578,-4.108523544562664
93.81152163330064,-4.108497505400361
94.1286304133266,-4.108465217498699
94.44681110836493,-4.108586775980161
94.76606734178355,-4.10897955067646
95.08640274919844,-4.109367598272101
95.4078209785149,-4.109750939607009
95.73032568996916,-4.110129596309584
96.05392055617008,-4.110504658930451
96.37860926214104,-4.11096246806701
96.7043955053616,-4.111415961547475
97.03128299581002,-4.111865165402527
97.35927545600514,-4.112310106550737
97.68837662104907,-4.112750812777946
98.0185902386696,-4.113490461977466
98.34992006926282,-4.1143822860503
98.68236988593596,-4.115271517158381
99.0159434745504,-4.116158191958902
99.35064463376482,-4.1170423480210925
99.6864771750784,-4.1179491410951465
100.02344492287436,-4.1189078645599535
100.36155171446302,-4.11986445646187
100.70080140012624,-4.120818959123544
101.04119784316076,-4.121771415877814
101.3827449199223,-4.122721871038281
101.72544651986978,-4.123746919103729
102.06930654560952,-4.124771977203201
102.41432891293988,-4.125795437966066
102.76051755089532,-4.126817350690941
103.10787640179188,-4.12783776569438
103.45640942127156,-4.129003345446784
103.80612057834772,-4.130247375154395
104.15701385544963,-4.131490829938585
104.50909324846872,-4.132733766961241
104.86236276680344,-4.133976244490263
105.21682643340507,-4.135228976123621
105.57248828482372,-4.136506185461849
105.92935237125404,-4.137783236643505
106.2874227565816,-4.139060192804765
106.64670351842864,-4.14033711820263
107.00719874820128,-4.141614078262069
107.36891255113574,-4.142820168818165
107.73184904634464,-4.144021397551917
108.09601236686476,-4.145222607255059
108.46140665970351,-4.146423867145276
108.82803608588635,-4.14762524764004
109.1959048205042,-4.148712715165398
109.56501705276088,-4.149728113233997
109.93537698602094,-4.150743220114201
110.30698883785723,-4.151758108917658
110.67985684009945,-4.152772853974006
111.05398523888188,-4.153713648219648
111.42937829469211,-4.154433233927835
111.806040282419,-4.155151908780373
112.18397549140197,-4.155869748693578
112.56318822547952,-4.156586830852844
112.94368280303836,-4.1573032336933045
113.32546355706246,-4.15792393224526
113.70853483518252,-4.158533758911613
114.09290099972554,-4.159142792729771
114.478566427764,-4.159751116042899
114.86553551116646,-4.160358812495557
115.25381265664711,-4.16076061046983
115.64340228581617,-4.161009846146076
116.0343088352297,-4.1612575054060645
116.42653675644095,-4.16150367306019
116.82009051605056,-4.1617484352325125
117.21497459575744,-4.161891004110196
117.61119349240988,-4.161662858564292
118.00875171805684,-4.161431983966462
118.40765379999924,-4.161198466421749
118.80790428084131,-4.160962393364213
119.20950771854278,-4.160723853571018
119.61246868647056,-4.1602137490576
120.01679177345048,-4.159661757084205
120.4224815838202,-4.159106529070763
120.8295427374812,-4.158548155708729
121.23797986995146,-4.157986729063632
121.64779763241832,-4.15716347598527
122.05900069179144,-4.156107483007414
122.47159373075604,-4.155047069115504
122.8855814478256,-4.153982326332755
123.30096855739647,-4.152913348036963
123.71775978980068,-4.151751092596093
124.1359598913602,-4.1501945442592225
124.55557362444058,-4.1486324284650555
124.97660576750582,-4.147064838697575
125.39906111517232,-4.145491869831102
125.8229444782636,-4.143913618144246
126.24826068386508,-4.141933852173036
126.67501457537904,-4.139873228908157
127.10321101258003,-4.137806024244428
127.53285487166944,-4.135732334703806
127.96395104533204,-4.133652258209813
128.3965044427911,-4.131427527967794
128.83051998986448,-4.129057601379759
129.2660026290203,-4.126680652482271
129.7029573194341,-4.124296781688383
130.14138903704438,-4.1219060908510565
130.58130277460998,-4.119431406620394
131.02270354176648,-4.116549005066423
131.46559636508343,-4.1136584804767615
131.90998628812176,-4.110759934933811
132.35587837149052,-4.107853471951808
132.80327769290554,-4.104939196469899
133.25218934724663,-4.1019543303883115
133.7026184466153,-4.098946545499413
134.15457012039386,-4.0959310071443635
134.6080495153031,-4.092907825107041
135.06306179546124,-4.089877110594072
135.51961214244255,-4.08671855809388
135.97770575533653,-4.083409952019659
136.43734785080716,-4.080093266218366
136.89854366315168,-4.076768614696564
137.36129844436124,-4.073436112893669
137.8256174641799,-4.0700850687513155
138.2915060101652,-4.066646675597689
138.75896938774747,-4.063200481128724
139.22801292029143,-4.059746605544599
139.69864194915604,-4.056285170513341
140.17086183375554,-4.052816299152691
140.64467795162045,-4.049428429572585
141.1200956984588,-4.046060191962517
141.59712048821785,-4.042685285288745
142.07575775314487,-4.039303839811679
142.55601294385028,-4.035915987263699
143.03789152936872,-4.032642582176315
143.52139899722198,-4.029523086353175
144.00654085348063,-4.026398536544258
144.49332262282778,-4.02326907356045
144.9817498486213,-4.020134839699465
145.47182809295717,-4.0170052413705
145.9635629367328,-4.013970790907731
146.4569599797105,-4.0109323734356135
146.95202484058154,-4.007890138424442
147.44876315702945,-4.004844236835922
147.94718058579508,-4.001794821110436
148.44728280274072,-3.999072326423297
148.94907550291407,-3.9964556255138306
149.45256440061422,-3.993837361603697
149.95775522945593,-3.9912176980989487
150.46465374243522,-3.9885967999132714
150.97326571199477,-3.9860891326293326
151.48359693008976,-3.9837532322495606
151.99565320825386,-3.98141757092712
152.50944037766493,-3.9790823228413728
153.02496428921222,-3.976747663673835
153.5422308135625,-3.974463007462147
154.06124584122713,-3.972922923651986
154.58201528262853,-3.9713866449319872
155.10454506816853,-3.9698543620481765
155.6288411482951,-3.968326267275399
156.1549094935704,-3.9668025544098957
156.68275609473878,-3.9656059240468298
157.21238696279488,-3.964549794415928
157.74380812905235,-3.9635001861612404
158.27702564521186,-3.962457304391241
158.81204558343097,-3.961421355735283
159.3488740363927,-3.9606074559458997
159.88751711737507,-3.9601680689039775
160.42798096032027,-3.95973821157208
160.97027171990536,-3.9593181033234717
161.51439557161171,-3.958907965051052
162.0603587117956,-3.9585193405120616
162.6081673577586,-3.958728526479295
163.15782774781852,-3.9589503781133355
163.7093461413806,-3.9591851292515607
164.26272881900806,-3.959433015262308
164.8179820824946,-3.95969427305933
165.37511225493586,-3.960490483526742
165.93412568080063,-3.961556135621415
166.49502872600436,-3.962638505613041
167.0578277779808,-3.9637378453695367
167.6225292457551,-3.964854408292061
168.1891395600165,-3.966168935427459
168.75766517319195,-3.967863225648213
169.32811255951938,-3.969577342265907
169.90048821512102,-3.971311550982658
170.47479865807824,-3.9730661190252374
171.0510504285052,-3.97484131515083
171.6292500886235,-3.977013057509487
172.20940422283655,-3.979213165594992
172.79151943780516,-3.981436011244283
173.3756023625224,-3.983681873627661
173.9616596483892,-3.9859510334280315
174.54969796928995,-3.988581925746526
175.1397240216687,-3.991423996157051
175.73174452460552,-3.994291991241655
176.32576621989213,-3.997186203650393
176.92179587211007,-4.000106927532804
177.5198402687068,-4.00309731485806
178.11990622007335,-4.00621494710688
178.72200055962125,-4.009360465541316
179.32613014386138,-4.0125341718430425
179.93230185248134,-4.015736369168607
180.54052258842395,-4.018967362120217
181.15079927796592,-4.022184279521376
181.7631388707966,-4.025428261352067
182.3775483400975,-4.0287018073918235
182.9940346826207,-4.03200522746801
183.61260491877,-4.035338832815943
184.2332660926799,-4.038699199536469
184.8560252722955,-4.0420878806743925
185.4808895494542,-4.045507668100533
186.10786603996533,-4.048958878534665
186.73696188369183,-4.052441830067761
187.3681842446313,-4.055786877029766
188.00154031099743,-4.058694207905802
188.6370372953026,-4.061632078674755
189.2746824344386,-4.064600805484849
189.9144829897606,-4.067600705785559
190.55644624716888,-4.070632098305826
191.2005795171924,-4.073324465817809
191.84689013507105,-4.07601397210701
192.4953854608404,-4.078734562599584
193.14607287941487,-4.081486556432445
193.79895980067184,-4.084270273963912
194.45405365953613,-4.086541252454026
195.1113619160647,-4.08843205746961
195.77089205553176,-4.090352318418473
196.4326515885131,-4.092302349488465
197.09664805097307,-4.094282465984604
197.76288900434935,-4.096070893452428
198.4313820356396,-4.097141059328211
199.10213475748705,-4.098238980728749
199.77515480826833,-4.099364966268041
200.45044985217964,-4.100519325596541
201.12802757932437,-4.101702369382094
201.8078957058005,-4.101776338241549
202.49006197378856,-4.101719210201747
203.17453415164007,-4.1016873154313025
203.861320033965,-4.1016809537284775
204.5504274417219,-4.10170042581106
205.24186422230628,-4.10114840506066
205.93563824963945,-4.1001054764261635
206.63175742425935,-4.099085520141353
207.3302296734097,-4.098088827703838
208.03106295113045,-4.09711569141472
208.73426523834843,-4.095891637747078
209.43984454296825,-4.0935225635396595
210.14780889996328,-4.091173046213348
210.85816637146772,-4.088843364672971
211.57092504686727,-4.086533798499211
212.28609304289265,-4.084244627952588
213.00367850371128,-4.080890806697653
213.72368960101952,-4.077369887975759
214.44613453413712,-4.073865905167841
215.17102153009927,-4.0703791265344
215.89835884375103,-4.066909820893967
216.62815475784103,-4.062846808595936
217.3604175831159,-4.058197080461505
218.09515565841505,-4.053561523957903
218.8323773507649,-4.048940396086134
219.57209105547517,-4.044333954296433
220.31430519623436,-4.039538795114742
221.0590282252045,-4.033742347046936
221.8062686231188,-4.02795723543645
222.55603489937775,-4.02218370540245
223.30833559214585,-4.016422002382757
224.06317926844875,-4.010672372123685
224.8205745242713,-4.004116139588265
225.58052998465496,-3.997388542628842
226.34305430379652,-3.9906703674569646
227.10815616514557,-3.983961849436892
227.87584428150495,-3.9772632241384653
228.64612739512907,-3.9700173218192627
229.41901427782292,-3.9621625186332854
230.19451373104337,-3.9543143384188064
230.9726345859982,-3.9464730039339826
231.75338570374737,-3.9386387380101007
232.5367759753034,-3.9307160148988225
233.3228143217332,-3.922118860726855
234.11150969425896,-3.913526815105955
234.90287107436103,-3.9049400921444364
235.6969074738788,-3.8963589059179093
236.49362793511477,-3.8877834704671037
237.2930415309371,-3.878617641909346
238.09515736488189,-3.8692865871184368
238.8999845712585,-3.8599593295588037
239.70753231525245,-3.8506360741754784
240.51780979303015,-3.8413170257684057
241.3308262318437,-3.83175064974501
242.14659089013568,-3.8218714908997016
242.965113057645,-3.8119952285630716
243.78640205551187,-3.8021220603002353
244.61046723638512,-3.792252183430978
245.4373179845282,-3.782316451538096
246.2669637159251,-3.771709671495905
247.0994138783893,-3.76110425802919
247.93467795167015,-3.7505003988419516
248.77276544756123,-3.739898281295964
249.61368591000857,-3.729298092388896
250.4574489152193,-3.7181509325131414
251.30406407177085,-3.706825902363683
252.1535410207206,-3.6955008944623047
253.0058894357145,-3.684176085894873
253.8611190230988,-3.6728516532855227
254.71923952203,-3.661387523274046
255.5802607045848,-3.6497185969641905
256.444192375873,-3.638049404774668
257.31104437414814,-3.6263801173977757
258.18082657091963,-3.6147109049768837
259.0535488710655,-3.6030211631656317
259.9292212129449,-3.5910128974632083
260.8078535685113,-3.579004065426582
261.6894559434265,-3.566994830995726
262.5740383771733,-3.55498535748596
263.4616109431716,-3.5429758075683866
264.35218374889223,-3.5304618677034636
265.2457669359712,-3.5177506847878734
266.1423706803268,-3.5050375366520132
267.0420051922746,-3.492322575241808
267.94468071664375,-3.47960595176368
268.85040753289377,-3.4667694745879287
269.75919595523163,-3.4537340388639084
270.6710563327293,-3.4406963221749556
271.5859990494408,-3.4276564690337215
272.5040345245218,-3.4146146231391916
273.42517321234766,-3.401562492251528
274.34942560263164,-3.3882073876609464
275.27680222054585,-3.3748496695070465
276.20731362684006,-3.3614894745540087
277.1409704179624,-3.34812693867562
278.07778322618,-3.3347621968399994
279.0177627196996,-3.3210577577068308
279.96091960278983,-3.307189707082222
280.9072646159028,-3.2933181620842027
281.85680853579544,-3.279443248233774
282.80956217565404,-3.2655650900623985
283.76553638521625,-3.251712487675744
284.7247420508942,-3.2379127070905533
285.6871900958997,-3.224110335378746
286.652891480368,-3.2103054939798694
287.62185720148244,-3.1964983032929664
288.5940982935999,-3.1826888826625916
289.5696258283765,-3.1685820601159675
290.5484509148935,-3.154470441571493
291.53058469978436,-3.1403559370652734
292.5160383673602,-3.1262386582185555
293.5048231397391,-3.112118715528327
294.496950276973,-3.0979328765549092
295.4924310771751,-3.083710467302794
296.4912768766502,-3.0694853894311973
297.4934990500226,-3.0552577477470004
298.4991090103659,-3.0410276458801806
299.5081182093331,-3.0268791969020437
300.52053813728696,-3.0129205243180057
301.5363803234312,-2.9989606284020773
302.5556563359404,-2.9849996111386514
303.5783777820936,-2.971037573303731
304.60455630840585,-2.957074614449875
305.6342036007595,-2.9431841763220974
306.6673313845395,-2.9292966584328455
307.7039514247655,-2.9154087710006285
308.7440755262259,-2.901520609475388
309.7877155336129,-2.8876322680452895
310.83488333165684,-2.8740287741788118
311.88559084526173,-2.860604593874781
312.93985003964127,-2.847182077832424
313.9976729204542,-2.8337613204033336
315.0590715339423,-2.820342414654501
316.1240579670672,-2.8070443654261825
317.1926443476468,-2.794076771400802
318.26484284449526,-2.7811128125675553
319.34066566756036,-2.7681525818802695
320.42012506806293,-2.7551961709845427
321.5032333386363,-2.74224367021393
322.5900028134662,-2.7295285397309503
323.6804458684314,-2.716838602153444
324.77457492124483,-2.7041536979527723
325.8724024315937,-2.691473915045901
326.9739409012834,-2.6787993400167984
328.07920287437895,-2.666492137401686
329.18820093734666,-2.6544564293595942
330.3009477191996,-2.642428304342243
331.4174558916401,-2.6304078507065496
332.53773816920415,-2.6183951554669895
333.6618073094066,-2.6065332311748013
334.7896761128861,-2.595152038980839
335.92135742355134,-2.5837809394748894
337.056864128726,-2.5724200212924324
338.1962091592973,-2.5610693717320308
339.33940548986266,-2.5497290767438394
340.48646613887604,-2.5386019610322283
341.6374041687984,-2.5275121889435566
342.7922326862451,-2.5164337971454542
343.9509648421355,-2.5053668687888933
345.11361383184254,-2.4943114856686273
346.28019289534336,-2.4835988001873566
347.4507153173698,-2.473172076228717
348.6251944275601,-2.4627591808951803
349.8036436006091,-2.452360197440939
350.9860762564232,-2.4419752077699317
352.17250586027154,-2.4316493424969647
353.3629459229386,-2.4215137275081244
354.55741000088,-2.41139309143737
355.75591169637573,-2.401287513296723
356.95846465768506,-2.3911970707467236
358.16508257920225,-2.3811218400956444
359.3757792016123,-2.371404155580764
360.5905683120477,-2.361760982925348
361.8094637442453,-2.3521345998322847
363.0324793787029,-2.3425250817666083
364.2596291428392,-2.3329325028471426
365.4909270111517,-2.323369177576136
366.726387005374,-2.313834665262505
367.9660231946384,-2.304317387405353
369.2098496956344,-2.2948174130090786
370.4578806727697,-2.2853348097320025
371.71013033833145,-2.2759357449830913
372.9666129526486,-2.2668833356456815
374.2273428242541,-2.257849828382565
375.4923343100464,-2.248835289977363
376.76160181545583,-2.239839785879735
378.03515979460656,-2.2308633802123334
379.3130227504808,-2.222073664780002
380.5952052350858,-2.213339629837237
381.8817218496184,-2.2046255672326827
383.1725872446315,-2.1959315380990208
384.46781612020067,-2.1872576022489985
385.7674232260921,-2.1785218767078454
387.07142336193,-2.1697152409068905
388.3798313773659,-2.1609282849359306
389.69266217224606,-2.1521610613680546
391.0099306967835,-2.1434136214578765
392.33165195172705,-2.1347362249557276
393.657840988531,-2.1264164236238985
394.988512909529,-2.118117863114149
396.3236828681042,-2.1098405938623777
397.6633660688624,-2.101584665011291
399.0075777678053,-2.0933501244162565
400.35633327250383,-2.084998982905571
401.70964794227297,-2.0766321720554397
403.06753718834665,-2.0682862931368757
404.430016474052,-2.059961386871549
405.79710131498734,-2.0516574926977396
407.1688072791983,-2.043380533378364
408.54514998735345,-2.035132080029386
409.9261451129247,-2.0269047944006204
411.31180838236435,-2.0186987109874086
412.7021555752842,-2.01051386302233
414.09720252463575,-2.0023697836431453
415.49696511689007,-1.9944264553209112
416.9014592922194,-1.9865051271155385
418.31070104467665,-1.9786058295130873
419.7247064223806,-1.9707285917638078
421.14349152769705,-1.9628734418853055
422.56707251742074,-1.955048239229779
423.9954656029623,-1.9472477316328527
425.4286870505309,-1.939469423720882
426.86675318132006,-1.9317133387438588
428.3096803716932,-1.923979498743378
429.75748505337066,-1.916195611177647
431.2101837136163,-1.90833050290027
432.667792895426,-1.9004871041982676
434.13032919771416,-1.8926654303166328
435.5978092755054,-1.8848654953087969
437.0702498401231,-1.8770882795867567
438.54766765937785,-1.8693461187961142
440.03007955776167,-1.8616257801463652
441.5175024166374,-1.853927273143498
443.0099531744317,-1.8462506061295116
444.50744882682744,-1.8385957862894686
446.010006426958,-1.830971540691461
447.5176430856007,-1.82337260629391
449.0303759713728,-1.8157955748862118
450.5482223109246,-1.8082404492187176
452.0711993891384,-1.800707230914347
453.59932454932465,-1.793201475669118
455.13261519341734,-1.7857267753405803
456.67108878217505,-1.7782740302342608
458.21476283537834,-1.7708432376894494
459.7636549320292,-1.7634343939495414
461.3177827105516,-1.7560364903540366
462.8771638689924,-1.7483124209206211
464.44181616522286,-1.7406090686223334
466.0117574171395,-1.7329264212783124
467.58700550286983,-1.7252644656276181
469.16757836097406,-1.7176231873396317
470.7534939906484,-1.7098893108665008
472.3447704519327,-1.7021245213996463
473.9414258659142,-1.694379802807805
475.5434784149345,-1.686655134659278
477.1509463427965,-1.6789504954772412
478.7638479549721,-1.6712100200425308
480.3822016188108,-1.6633821968346676
482.0060257637493,-1.6555737803986117
483.6353388815193,-1.6477847432871349
485.2701595263613,-1.6400150570376497
486.9105063152341,-1.632264586937827
488.55639792802543,-1.6241914053955293
490.20785310776785,-1.6161363268867344
491.86489066084994,-1.6080993150490013
493.52752945723097,-1.6000803325266237
495.195788430656,-1.592079340978088
496.86968657887127,-1.5837543073425173
498.5492429638407,-1.5752620568078692
500.23447671196334,-1.566785894561875
501.9254070142893,-1.5583257723683224
503.6220531267411,-1.5498816410218506
505.3244343703319,-1.5413533005707138
507.0325701313833,-1.5326148014896224
508.74647986174966,-1.5238910372512988
510.4661830790376,-1.5151819511162579
512.1916993668284,-1.5064874853977652
513.9230483749014,-1.4978075814710212
515.6602498194577,-1.4884742858952946
517.4033234833447,-1.479126311519472
519.1522892162802,-1.4697903613989642
520.9071669350808,-1.4604663652623093
522.6679766238875,-1.4511542519092508
524.4347383343916,-1.4416662211673772
526.2074721860662,-1.4320736639411824
527.9861983663932,-1.422491742818242
529.7709371310939,-1.4129203794803658
531.5617088043595,-1.4033594947066732
533.3585337790822,-1.3935747022747316
535.1614325170884,-1.3831698435788133
536.9704255493713,-1.372772297538202
538.7855334763227,-1.3623819715051153
540.6067769679714,-1.3519987719323427
542.4341767642165,-1.3416226043763768
544.2677536750618,-1.3309957937677959
546.1075285808565,-1.32035591093199
547.9535224325307,-1.3097218334895628
549.805756251834,-1.2990934603215292
551.6642511315758,-1.2884706894381384
553.5290282358645,-1.2774721802352045
555.4001088003495,-1.266205292524258
557.2775141324628,-1.2549414818642113
559.1612656116597,-1.2436806353750252
561.0513846896658,-1.2324226393160453
562.9478928907195,-1.221104999018857
564.8508118118149,-1.2095931190364957
566.760163122952,-1.198082866872256
568.6759685673809,-1.1865741224537836
570.5982499618495,-1.1750667648741737
572.5270291968526,-1.163560672397626
574.4623282368807,-1.1516563320722415
576.404169120671,-1.1397047075229731
578.3525739614561,-1.127752464638429
580.3075649472188,-1.1157994733207017
582.2691643409438,-1.1038456026600625
584.2373944808688,-1.091861045181898
586.2122777807429,-1.079851123937964
588.1938367300788,-1.0678397436304405
590.1820938944104,-1.0558267695507453
592.1770719155493,-1.0438120662081984
594.1787935118423,-1.0317820248577323
596.1872814784307,-1.0196972603170193
598.2025586875104,-1.0076101316652464
600.2246480885896,-0.995520499592822
602.2535727087538,-0.9834282240381125
604.289355652927,-0.9713331641936918
606.3320201041319,-0.959190683054342
608.3815893237579,-0.947037872455128
610.4380866518242,-0.934881675776702
612.5015355072452,-0.9227219486975262
614.5719593880981,-0.9105585461797101
616.6493818718897,-0.8985611384518137
618.7338266158256,-0.8867178866696201
620.8253173570796,-0.87487162861691
622.9238779130619,-0.8630222201938977
625.0295321816942,-0.8511695166262347
627.1423041416796,-0.83933438029329
629.2622178527737,-0.8275975703999552
631.389297456063,-0.81585744255702
633.5235671742365,-0.8041138507548737
635.6650513118631,-0.79236664834341
637.8137742556671,-0.7806156880375421
639.9697604748072,-0.769284793626801
642.1330345211553,-0.758038325527493
644.3036210295729,-0.7467893861552837
646.4815447181966,-0.7355378315965744
648.6668303887168,-0.7242835173511843
650.8595029266586,-0.7133548673632084
653.059587301669,-0.7027768797376812
655.2671085677986,-0.6921980017562928
657.4820918637876,-0.6816180944208412
659.704562413352,-0.6710370181990555
661.9345455254712,-0.6605204884785059
664.1720665946755,-0.6504204991824056
666.4171511013365,-0.6403205547863164
668.6698246119547,-0.6302205192058872
670.9301127794541,-0.6201202558681436
673.198041343473,-0.6100196277166627
675.4736361306544,-0.6005929802785013
677.7569230549448,-0.5913450614444842
680.0479281178858,-0.5820992500358908
682.3466774089121,-0.5728554168714595
684.6531971056473,-0.5636134323449637
686.9675134742027,-0.5546643391822514
689.2896528694766,-0.5460773577635556
691.6196417354544,-0.5374940365794918
693.9575066055075,-0.5289142518214887
696.3032741026996,-0.520337879306215
698.6569709400876,-0.511851472092776
701.0186239210238,-0.504110402379041
703.3882599394653,-0.49637517190682895
705.7659059802775,-0.4886456645125902
708.1515891195421,-0.48092176371405765
710.5453365248654,-0.47320335271513175
712.9471754556877,-0.4659675850275667
715.3571332635943,-0.45888929932523553
717.7752373926245,-0.4518182790706678
720.2015153795878,-0.4447544134507077
722.6359948543762,-0.43769759138572534
725.0787035402758,-0.4309826717044179
727.5296692542872,-0.42474552918628444
729.9889199074397,-0.41851781968412544
732.4564835051092,-0.4122994403056928
734.9323881473376,-0.4060902879453094
737.416662029153,-0.3999199434024538
739.9093334408901,-0.3941477727707888
742.4104307685135,-0.38838593439180297
744.919982493938,-0.38263432913642564
747.4380171953575,-0.3768928576997416
749.9645635475678,-0.3711614206058164
752.4996503222914,-0.3657381684988576
755.0433063885091,-0.36043888706051547
757.5955607127864,-0.35515073452914653
760.1564423596036,-0.34987361549668966
762.725980491687,-0.34460743442045666
765.3042043703408,-0.33950655529508306
767.8911433557806,-0.33466795359841944
770.4868269074684,-0.32984137481921966
773.0912845844449,-0.3250267275526068
775.704546045671,-0.32022392029467034
778.3266410503627,-0.315447492609269
780.9575994583283,-0.31106640967194893
783.5974512303129,-0.3066982380970095
786.2462264283361,-0.30234289056964964
788.9039552160353,-0.2980002797087486
791.57066785901,-0.2936703180706823
794.246394725165,-0.28949628467243155
796.9311662850582,-0.28539869971066917
799.6250131122438,-0.28131420217181774
802.3279658836256,-0.2772427067674977
805.0400553798034,-0.27318412817200116
807.7613124854222,-0.26914393560918787
810.4917681895272,-0.2651270466463606
813.2314535859149,-0.2611228727905081
815.9803998734872,-0.2571313287853089
818.7386383566068,-0.2531523293542431
821.5062004454538,-0.24918582734483435
824.2831176563836,-0.24524874280401027
827.069421612286,-0.24132400465955967
829.8651440429427,-0.23741152778085256
832.670316785393,-0.23351122703348864
835.4849717842944,-0.22962301728104823
838.3091410922838,-0.2258799949529003
841.1428568703468,-0.22221870805709715
843.9861513881816,-0.2185699429524855
846.8390570245667,-0.2149336168455575
849.70160626773,-0.21130964696368743
852.5738317157181,-0.20770224156408507
855.4557660767686,-0.20411641810281073
858.3474421696822,-0.20054274894649154
861.2488929241938,-0.19698115158695023
864.1601513813528,-0.19343154354941633
867.0812506938961,-0.1898938423960697
870.0122241266233,-0.1862014352816722
872.9531050567812,-0.18251498983442432
875.9039269744396,-0.1788396217411123
878.8647234828742,-0.1751752467642716
881.8355282989489,-0.17152178070760432
884.8163752535,-0.167773432042578
887.8072982917222,-0.16397121960641953
890.8083314735514,-0.1601790880716834
893.8195089740586,-0.1563969514835623
896.8408650838356,-0.15262472393250093
899.8724342093833,-0.14881627747026682
902.9142508735086,-0.14489931439289278
905.9663497157144,-0.140991447550469
909.0287654925942,-0.13709258935725588
912.1015330782288,-0.13320265227614742
915.1846874645828,-0.12932154882014818
918.278263761903,-0.1251239597630726
921.38229719912,-0.12091073285672921
924.496823124245,-0.1167048959312082
927.6218770047776,-0.1125063577239358
930.7574944281074,-0.10831502701711149
933.9037111019168,-0.10392992815630181
937.0605628545924,-0.0994106346878581
940.2280856356296,-0.09489711894477038
943.4063155160436,-0.09038928599490459
946.595288688779,-0.08588704094489641
949.7950414691228,-0.08130851468189632
953.0056102951172,-0.076482730314336
956.2270317279764,-0.07166111894458721
959.4593424524992,-0.0668435820257472
962.7025792774908,-0.06203002104256122
965.9567791361812,-0.0572203375129417
969.2219790866418,-0.0517857091673668
972.4982163122132,-0.04628332784844402
975.785528121925,-0.0407821620189493
979.0839519509218,-0.03528210533773418
982.3935253608892,-0.029783051474300604
985.7142860404816,-0.024006664710080228
989.0462718057524,-0.018006633428141405
992.3895206005808,-0.0120055868999282
995.7440704971096,-0.006003413100600874
999.109959696176,0.0
1002.4872265277436,0.006147630804188897
1005.875909451345,0.012828859889434274
1009.2760470565152,0.01951394608472251
1012.6876780632326,0.026203009150198575
1016.11084132236,0.032896168875003684
1019.5455758160869,0.039593545077567904
1022.9919206583726,0.047028719007586095
1026.449915095394,0.054582605886967006
1029.9195985059882,0.062143934391651
1033.4010104021058,0.0697128341402147
1036.894190429259,0.0772894348119979
1040.39917836697,0.08521111753736599
1043.916014129229,0.0934519194492261
1047.4447377649471,0.10170300349269479
1050.9853894584098,0.10996450700019589
1054.5380095297376,0.1182365673902237
1058.102638435344,0.1266642091672182
1061.679316768396,0.1357769276155653
1065.268085259279,0.1449033846134796
1068.8689847760522,0.1540437272872588
1072.482056324927,0.1631981028827345
1076.1073410507247,0.1723666587656577
1079.7448802373444,0.1822136518384963
1083.3947153082406,0.19220968813831618
1087.056887826888,0.2022230472978081
1090.731439497258,0.2122538862943536
1094.418412164293,0.2223023622591651
1098.1178478143822,0.2328427637075455
1101.8297885758425,0.2439004895985853
1105.554276719392,0.254979615493682
1109.2913546586385,0.26608031027071
1113.0410649505604,0.2772027430031567
1116.8034502959867,0.28845650122408517
1120.57855354009,0.300382997026558
1124.3664176728707,0.3123343084651784
1128.1670858296468,0.3243106140910804
1131.980601291546,0.3363120926854171
1135.807007485998,0.3483389232612091
1139.6463479872286,0.3611390865405179
1143.498666516759,0.374156638032065
1147.364006943896,0.3872032556436962
1151.2424132862411,0.4002791300624645
1155.1339297101886,0.4133844522498371
1159.0386005314213,0.42710193345119063
1162.9564702154264,0.4415498899007899
1166.8875833779955,0.45603220611635287
1170.8319847857338,0.4705490888350229
1174.789719356569,0.4851007451256743
1178.760832160265,0.4998053638896064
1182.7453684189331,0.5154935856554757
1186.7433735075497,0.5312208089220611
1190.7548929544669,0.5469872542896931
1194.779972441939,0.5627931427412851
1198.8186578066386,0.5786386956442464
1202.870995040176,0.5956138622910797
1206.9370302896289,0.612968264204723
1211.0168098580634,0.6303678269224569
1215.1103802050634,0.6478127896978729
1219.2177879472583,0.6653033922350367
1223.339079858855,0.6834202734013513
1227.4743028721712,0.7023829614326362
1231.623504078165,0.7213966761329125
1235.786730726979,0.7404616748018342
1239.9640302284731,0.7595782152551624
1244.1554501527637,0.7788492779205839
1248.3610382307695,0.7994391705766188
1252.5808423547523,0.8200860108517922
1256.8149105788627,0.84079007430149
1261.0632911196878,0.8615516370639809
1265.3260323567995,0.8823709758629399
1269.603182833307,0.9043503427619555
1273.8947912564088,0.9267954718936786
1278.2009064979438,0.9493043129846479
1282.521577594955,0.9718771623784501
1286.856853750244,0.9945143170780273
1291.2067843329278,1.0177162324705213
1295.571418879008,1.041777073295154
1299.9508070919308,1.0659074891140923
1304.3449988431532,1.0901077943882203
1308.7540441727122,1.1143783043045006
1313.177993289793,1.1387648238651125
1317.6168965733025,1.1642507812219236
1322.0708045724425,1.1898115238930163
1326.5397680072824,1.2154473822784355
1331.0238377693422,1.2411586875639962
1335.52306492217,1.2669457717252486
1340.037500701918,1.2935436533798723
1344.567196517936,1.3205406105753943
1349.1122039533486,1.347617921368863
1353.672574765647,1.3747759330140301
1358.2483608872756,1.402014993614641
1362.839614426226,1.4295657682523508
1367.4463876666302,1.4576230774255254
1372.0687330693504,1.485764699434754
1376.7067032725854,1.513990993310283
1381.3603510924656,1.5423023189785763
1386.0297295236503,1.5707058783158803
1390.71489173994,1.5999950917268455
1395.4158910948747,1.6293731491352594
1400.132781122345,1.6588404233129384
1404.8656155372007,1.688397287980816
1409.6144482358625,1.7180441178132082
1414.379333296935,1.747944251671138
1419.160324981827,1.7780187505331715
1423.9574777353594,1.8081851779616982
1428.7708461863965,1.8384439153083922
1433.6004851484631,1.868795344910916
1438.4464496203652,1.8993688567683535
1443.3087947868237,1.9303124444927324
1448.1875760190974,1.9613512485642142
1453.0828488756156,1.9924856599457645
1457.9946691026105,2.0237160706255053
1462.923092634751,2.0550428736215243
1467.8681755957818,2.0864812003357276
1472.829974299162,2.118017147811652
1477.808545248702,2.1496507241879117
1482.803945139214,2.1813823268247363
1487.816230857155,2.213212354137335
1492.8454594812697,2.2452673084667123
1497.8916882832482,2.277496411965919
1502.954974728374,2.3098258212942073
1508.035376476179,2.3422559414337174
1513.1329513811,2.374787178454311
1518.2477574931372,2.4074694852753997
1523.3798530585186,2.440378606530478
1528.529296520355,2.4733906590681367
1533.6961465193156,2.5065060553534573
1538.8804618942916,2.539725208971557
1544.082301683061,2.573048534632921
1549.30172512297,2.6064734787417483
1554.5387916516024,2.6400032245636993
1559.7935609074575,2.673638382640252
1565.0660927306292,2.7073793721992567
1570.3564471634863,2.741226613620061
1575.6646844513584,2.7752688318165797
1580.9908650432224,2.8094784577811813
1586.3350495923842,2.843796106067503
1591.6972989571798,2.878222203412324
1597.0776742016626,2.9127571777363412
1602.476236596295,2.9473914081798935
1607.8930476186551,2.9821052853929584
1613.328168954131,3.016929194822899
1618.7816624966229,3.0518635687222204
1624.253590349251,3.0869088405532894
1629.744014825061,3.1220654449937237
1635.2529984477328,3.157456017602901
1640.7806039522964,3.1929718799267954
1646.3268942858376,3.228600843536561
1651.8919326082262,3.2643433495723864
1657.4757822928298,3.3001998404229576
1663.07850692723,3.336030182991412
1668.700170313957,3.3718649757002077
1674.34083647121,3.407814239487475
1680.000569633587,3.4438784189241205
1685.6794342528162,3.4800579598480867
1691.3774949984916,3.5163377684314345
1697.0948167588083,3.552677574612301
1702.8314646412975,3.589133844749585
1708.5875039735763,3.625707028986698
1714.363000304088,3.662397578760017
1720.158019402841,3.6992059468048684
1725.9726272621713,3.7357372668478943
1731.806890097484,3.772327958720505
1737.6608743480117,3.809036297991198
1743.5346466775688,3.845862737453663
1749.4282739753128,3.882807731212187
1755.3418233565042,3.9198269137220643
1761.2753621632737,3.9569251940393744
1767.2289579653816,3.994143110922388
1773.202678560998,4.031481122802442
1779.196591977469,4.068939689447437
1785.2107664720872,4.106468074926482
1791.2452705328787,4.143888468844399
1797.300172879376,4.181429856177978
1803.3755424634028,4.219092698893669
1809.4714484698588,4.256877460313342
1815.587960317508,4.2947846051203555
1821.7251476597687,4.332418788616759
1827.883080385509,4.3700983764950765
1834.0618286198344,4.407900148723956
1840.261462724899,4.445824570079457
1846.4820533007,4.4838721067107405
1852.723671185876,4.521992182613022
1858.986387458527,4.560183687990433
1865.2702734370116,4.598499364971451
1871.5754006807672,4.636939684073615
1877.9018409911205,4.675505117213798
1884.249666412106,4.714149998600743
1890.6189492312897,4.752657632467244
1897.0097619805829,4.791290758557337
1903.422177437081,4.830049850910313
1909.8562686238863,4.8689353849834305
1916.3121088109328,4.907947837657816
1922.7897715158335,4.9468435660258105
1929.2893305047087,4.98580673376062
1935.8108597930288,5.024897229854302
1942.354433646457,5.064115533465645
1948.9201265816944,5.103462125196585
1955.5080133673296,5.142880858227355
1962.1181690246915,5.1823618529348705
1968.750668828696,5.221972168415245
1975.4055883087135,5.261712289692034
1982.0830032494264,5.30158270325808
1988.7829896916835,5.341546109760278
1995.5056239333785,5.3813499397483895
2002.2509825303105,5.421284419510749
2009.019142297059,5.461350037724949
2015.8101803078575,5.501547284556496
2022.6241738974727,5.541876651665208
2029.4612006620848,5.582081888463746
2036.3213384601645,5.622342841193542
2043.204665413372,5.662736268736699
2050.1112599074386,5.703262664975061
2057.041200593061,5.7439225253033515
2063.994566386798,5.784493532462411
2070.971436471962,5.824897437887275
2077.9718902995346,5.865434530194031
2084.99600758906,5.906105304900854
2092.043868329556,5.946910259050321
2099.1155527804294,5.9877922438056075
2106.2111414723777,6.0281563593949015
2113.3307152083216,6.068653752420869
2120.474355064316,6.109284917966759
2127.642142390474,6.150050352644596
2134.834158811898,6.190950554601589
2142.0504862295984,6.231046489878476
2149.2912068214405,6.270939103149054
2156.556403043071,6.310963665313433
2163.8461576288596,6.351120666112767
2171.160553592841,6.391410596805671
2178.4996742296617,6.431339651386617
2185.8636031155215,6.470632896429721
2193.252424109137,6.510056281556215
2200.666221352687,6.549610289714183
2208.105079272776,6.5892954053517885
2215.569082581395,6.629028325034091
2223.0583162768776,6.667179493610759
2230.5728656448828,6.70545715561757
2238.112816259356,6.74386178102413
2245.678253983506,6.782393841261437
2253.269264970783,6.8210538092279025
2260.8859356658613,6.858452200989203
2268.5283528056166,6.89538606905747
2276.1966034201246,6.932442568178986
2283.8907748336446,6.9696221545194845
2291.610954665617,7.006925285665507
2299.357230831661,7.043587823922447
2307.1296915445687,7.07899959458378
2314.928425315322,7.114529058183211
2322.7535209540924,7.1501766535982645
2330.605067571254,7.185942821073702
2338.483154578402,7.2217932325063225
2346.3878716893582,7.255133472776891
2354.3193089212114,7.288584607703555
2362.277556595328,7.322147052611553
2370.2627053383876,7.355821224118359
2378.274846083414,7.389607540138915
2386.3140700708036,7.4218779595523126
2394.3804688493765,7.453445528955513
2402.474134277412,7.485118242066058
2410.5951585236935,7.516896494112491
2418.743634068563,7.548780681552915
2426.919653704972,7.57987205879136
2435.123310539531,7.609185452083806
2443.354697993584,7.638596567360766
2451.613909804262,7.668105774239368
2459.901040025554,7.697713443483897
2468.216183029379,7.727419947010287
2476.559433506653,7.754545314896069
2484.930886468378,7.781703982976817
2493.3306372467205,7.808953323697719
2501.758781496094,7.8362936822448175
2510.21541519425,7.863725404873336
2518.7006346433745,7.889417696678675
2527.2145364711737,7.914141107089337
2535.757217631989,7.938947150766408
2544.3287754078933,7.963836145239204
2552.9293074097973,7.988808409016198
2561.5589115785683,8.013147140092498
2570.2176861861317,8.035811966809582
2578.9057298366074,8.058552658308686
2587.6231414674207,8.081369508775508
2596.370020350434,8.104262813299274
2605.1464660930783,8.127232867876394
2613.9525786394765,8.14763439130371
2622.7884582715988,8.167950091590518
2631.654205610393,8.188333941064627
2640.5499216169337,8.208786207294533
2649.4757075935745,8.22930715866577
2658.4316651850904,8.248241784070037
2667.417896379852,8.266136949651848
2676.4345035109764,8.284092267506038
2685.481589257494,8.302107977737863
2694.559256645519,8.320184321179436
2703.667609049425,8.337720586176289
2712.806750193012,8.353569428384478
2721.9767841507014,8.36947168875588
2731.1778153487135,8.385427584213692
2740.409948566258,8.40143733233185
2749.67328893673,8.41750115133786
2758.9679419488943,8.431352800114814
2768.2940134481073,8.445029278276884
2777.6516096375085,8.458752048315617
2787.040837079233,8.472521302576865
2796.461802695625,8.48633723397659
2805.9146137704583,8.49870409215967
2815.399377950149,8.509969094736912
2824.916203244993,8.52127241627448
2834.46519803039,8.532614221770393
2844.046471048079,8.543994676701907
2853.660131407377,8.554920478107377
2863.3062885864124,8.564154530974134
2872.9850524333892,8.573420214196162
2882.696533167826,8.582717669772101
2892.4408413818123,8.592047040103276
2902.218088041273,8.601408467995167
2912.0283844872197,8.60839737057725
2921.8718424370363,8.61507360352642
2931.748573985739,8.621773030014827
2941.6586916072556,8.62849576306107
2951.6023081557105,8.635241915989306
2961.579536866697,8.640774789787436
2971.5904913585837,8.645240538517534
2981.6352856337994,8.649722181068606
2991.714034080132,8.654219805403102
3001.8268514720303,8.658733499704777
3011.973852971917,8.662694176774428
3022.1551541314852,8.664212380195162
3032.3708708930353,8.665736684346518
3042.6211195907795,8.667267143707486
3052.906016952173,8.668803812865107
3063.225680099245,8.670346746514742
3073.5802265499196,8.66970444178248
3083.969774219373,8.668651970185614
3094.394441421365,8.667597111727725
3104.854346869588,8.666539891739433
3115.349609679019,8.665480335560245
3125.8803493672804,8.662868014083317
3136.4466858559863,8.658689501228231
3147.04873947213,8.654498200856748
3157.6866309494385,8.650294102756732
3168.3604814297532,8.646077196603738
3179.0704124644108,8.641406890539738
3189.816546015616,8.634295631675034
3200.5990044578484,8.62716183608982
3211.4179105792437,8.620005460225116
3222.273387582996,8.612826460295311
3233.1655590887626,8.605624792287122
3244.094549134061,8.595824761980156
3255.0604821756965,8.585384199759046
3266.063483091173,8.574910041385507
3277.1036771801128,8.56440220543479
3288.1811901656883,8.553860610125053
3299.296148196042,8.541922000967833
3310.4486778457413,8.528369863557142
3321.638906117207,8.514773771887224
3332.8669604421643,8.50113360910597
3344.1329686830913,8.487449257881757
3355.43705913468,8.473398030048246
3366.779360525284,8.456928904731509
3378.160002018405,8.44040612270931
3389.5791132141485,8.42382953390416
3401.0368241507044,8.407198987643635
3412.5332653058313,8.390514332657698
3424.068567598327,8.372016243885982
3435.642862389542,8.352947557881086
3447.2562814848634,8.333816614392585
3458.9089571352115,8.314623233733196
3470.6010220385556,8.295367235516112
3482.332609341422,8.27509290089929
3494.1038526404,8.253489370617075
3505.9148859836805,8.231815167249959
3517.7658438725725,8.210070082194065
3529.6568612630363,8.188253906043737
3541.588073567223,8.166243414914351
3553.5596166550044,8.142851975608266
3565.57162685554,8.119383970069308
3577.624240958816,8.095839169280097
3589.7175962172073,8.07221734334744
3601.851830347042,8.048518261498256
3614.027081530157,8.023977715969876
3626.243488415492,7.999089532702544
3638.5011901206553,7.974119901033658
3650.800326233512,7.949068574815829
3663.141036813775,7.92393530696106
3675.523462394586,7.898547119073884
3687.9477439841417,7.872813340484998
3700.414023067277,7.846995399904451
3712.9224416070874,7.821093041456558
3725.4731420465423,7.795106008285722
3738.066267310112,7.76902148594588
3750.701960805378,7.74262256541049
3763.380366424691,7.716137376431365
3776.1016285467945,7.689565655423137
3788.8658920384705,7.6629071377872675
3801.673302256196,7.636161557907078
3814.5240050477782,7.609560652808388
3827.418146754047,7.582969099161281
3840.355874210496,7.556290792208105
3853.337334748965,7.529525465968022
3866.362676199316,7.502672853429344
3879.432046891121,7.475855615766185
3892.545595655333,7.449166855756977
3905.7034718260097,7.422391148869206
3918.9058252419914,7.3955282277918855
3932.1528062486186,7.368577824169989
3945.4445656994417,7.341552657784044
3958.781254957927,7.315134807767952
3972.1630258992022,7.288631058167691
3985.590030911773,7.262041144491438
3999.062422899255,7.235364801203406
4012.580355282131,7.208601761718317
4026.14398199947,7.181853035007182
4039.753457510711,7.155066534521888
4053.408936797406,7.128193041257762
4067.110575364986,7.101232286097627
4080.858529244536,7.07418399885226
4094.6529549945594,7.047221101729347
4108.494009702781,7.020524605273927
4122.381850987921,6.993741543344598
4136.316637001497,6.966871647434785
4150.2985264296185,6.939914647956764
4164.327678494804,6.912870274235565
4178.4042529577755,6.885707018752025
4192.528410119303,6.858455235864622
4206.700310822011,6.831115152483087
4220.920116452219,6.803686493158913
4235.18798894178,6.776168981324417
4249.504090769908,6.748431130798275
4263.868584965054,6.720529413549052
4278.281635106747,6.6925373120995895
4292.743405327458,6.664454542991729
4307.254060314475,6.636280821608015
4321.813765311775,6.607905131392571
4336.422686121891,6.579172776744181
4351.080989107832,6.550347338400527
4365.78884119495,6.52142852274536
4380.546409872856,6.4924160349548945
4395.353863197322,6.463309578990873
4410.211369792186,6.433765974723385
4425.119098851288,6.404108712839633
4440.0772201403925,6.3743553637296655
4455.085903999114,6.344505622290463
4470.145321342867,6.314559182154787
4485.255643664796,6.284081357723909
4500.417043037751,6.253221282539283
4515.629692116232,6.222261150419919
4530.893764138359,6.191200641648574
4546.209432927847,6.160039435178597
4561.576872895973,6.128645007145774
4576.9962590435825,6.09677396100972
4592.467766963069,6.0647995305727544
4607.991572840377,6.032721383593783
4623.567853457006,6.0005391864432
4639.196786192034,5.968252604094777
4654.878549024111,5.935249918833705
4670.613320533521,5.902084507012136
4686.401279904192,5.868811434884169
4702.242606925744,5.835430354109609
4718.13748199554,5.801940914884113
4734.086086120721,5.768183169397475
4750.088600920297,5.734196106786765
4766.145208627195,5.700098681466362
4782.256092090339,5.665890534490672
4798.421434776734,5.631571305395295
4814.641420773558,5.5971244040817645
4830.916234790241,5.56251037641531
4847.246062160594,5.527783934185162
4863.631088844904,5.492944709943755
4880.071501432056,5.457992334676285
4896.567487141659,5.422926437791478
4913.119233826163,5.38785613251123
4929.726929973025,5.352686536660347
4946.390764706839,5.317402718581856
4963.1109277914875,5.28200430270571
4979.8876096323165,5.2464909118424075
4996.721001278278,5.211034381327925
5013.611294424136,5.175610920731579
5030.558681412632,5.140072428895473
5047.563355236678,5.104418525722192
5064.625509541563,5.068648829457855
5081.745338627129,5.032898741445121
5098.923037450028,4.997599845982939
5116.1588016259075,4.962186380283781
5133.452827431654,4.926657963905538
5150.805311807623,4.891014214725837
5168.216452359886,4.855254748931756
5185.686447362463,4.820129469951706
5203.215495759611,4.7850244661189425
5220.803797168069,4.749805582470443
5238.451551879332,4.714472438462212
5256.158960861944,4.679024651841332
5273.926225763762,4.644092108172245
5291.753548914283,4.609668431078927
5309.641133326926,4.575133194973163
5327.5891827013575,4.540486024994212
5345.597901425798,4.505726544566986
5363.6674945793675,4.471051584841742
5381.798167934389,4.437308934844756
5399.990127958773,4.403457034569482
5418.24358181834,4.369495514672877
5436.55873737919,4.335424004090836
5454.935803210071,4.301242130027062
5473.3749885847365,4.268106420357615
5491.876503484358,4.235127283877167
5510.4405585998975,4.2020414705286555
5529.0673653345075,4.168848616753583
5547.7571358059495,4.135548357260214
5566.510082848984,4.102887714305967
5585.326420017827,4.070965984598586
5604.206361588564,4.038941132445794
5623.150122561589,4.0068128037283754
5642.1579186640665,3.9745806425985153
5661.229966352356,3.9424405286639814
5680.366482814522,3.9115709040072124
5699.567685972773,3.8806016802538905
5718.833794485958,3.8495325124810997
5738.165027752053,3.8183630540403954
5757.561605910665,3.7870929565462705
5777.023749845515,3.7566517055960262
5796.551681186992,3.7263735732203527
5816.145622314647,3.695997783143313
5835.805796359738,3.6655239935607846
5855.532427207774,3.634951860919032
5875.325739501039,3.604953614420786
5895.185958641189,3.575730524991955
5915.113310791794,3.5464132797254755
5935.108022880919,3.5170015456244506
5955.170322603706,3.487494987942517
5975.30043842498,3.457981884832855
5995.498599581817,3.429257183272539
6015.765036086199,3.400439930643294
6036.099978727604,3.371529796193449
6056.503659075644,3.342526447399235
6076.976309482702,3.3134295499527227
6097.518163086564,3.2851013958973008
6118.129453813098,3.256974827994711
6138.810416378903,3.2287576135249028
6159.561286293986,3.2004494241574784
6180.3822998644455,3.1720499297611497
6201.273694195143,3.1438664291206355
6222.235707192438,3.1160506751752464
6243.268577566874,3.088145208726129
6264.372544835899,3.0601497010823278
6285.5478493266055,3.032063821719421
6306.794732178437,3.003942134804833
6328.113435345973,2.976630087662824
6349.504201601662,2.9492298962070023
6370.967274538589,2.9217412333716126
6392.50289857325,2.894163770231002
6414.111318948344,2.86649717598697
6435.792781735538,2.8390184855224225
6457.547533838307,2.811562860502534
6479.375822994723,2.7840184197111664
6501.277897780282,2.7563848291907926
6523.254007610736,2.7286617530620805
6545.304402744916,2.701197296560592
6567.429334287613,2.674243137869198
6589.629054192415,2.647201681827832
6611.903815264586,2.620072595582179
6634.253871163938,2.5928555443274326
6656.679476407731,2.5655636644102477
6679.180886373543,2.5387422442178895
6701.758357302218,2.51183377822306
6724.41214630076,2.4848379302295682
6747.142511345262,2.457754362046764
6769.949711283858,2.430582733476201
6792.834005839638,2.4038355229404313
6815.795655613646,2.3772442850169258
6838.834922087825,2.3505665146245334
6861.952067628,2.323801872055913
6885.147355486867,2.2969500155580587
6908.421049806973,2.2705108996961014
6931.773415623757,2.244983142353794
6955.204718868545,2.2193722023424267
6978.715226371583,2.1936777467259225
7002.305205865087,2.1678994405127803
7025.974925986257,2.1420369466426408
7049.724656280383,2.1175552232174177
7073.554667203886,2.0930089145970916
7097.465230127404,2.068382416259866
7121.456617338881,2.043675399708928
7145.529102046678,2.0188875343680355
7169.682958382654,1.9954387195062373
7193.918461405329,1.9726969819451274
7218.235887102992,1.949880857691843
7242.635512396846,1.926990032955538
7267.117615144173,1.9040241918833802
7291.682474141467,1.8818579882501472
7316.33036912765,1.8616624300436364
7341.0615807872355,1.8414007701387596
7365.876390753526,1.821072717679755
7390.775081611821,1.8006779797944856
7415.757936902647,1.780216261581326
7440.82524112495,1.762965601402475
7465.9772797393825,1.745811149713095
7491.214339171529,1.728600455995765
7516.536706815168,1.7113332564293884
7541.944671035558,1.6940092852301802
7567.438521172687,1.6790313148933667
7593.018547544614,1.6655362706278012
7618.68504145075,1.6519969748308523
7644.438295175171,1.6384131987965003
7670.278601989969,1.6247847119440166
7696.206256158546,1.6122893862886556
7722.221552939024,1.6030021843129305
7748.32478858757,1.5936845477766055
7774.516260361776,1.5843362891103265
7800.796266524057,1.5749572189789836
7827.165106345011,1.5655471462699342
7853.62308010688,1.5606321041448756
7880.170489106931,1.556085415515392
7906.807635660903,1.5515237913199114
7933.534823106441,1.5469470895016744
7960.352355806565,1.5423551663570787
7987.260539153103,1.5404238252445182
8014.259679570215,1.5404500441318922
8041.350084517848,1.5404763155640757
8068.532062495251,1.5405025422579834
8095.805923044495,1.5405286254067447
8123.171976753961,1.54157014963457
8150.630535261928,1.545972502319741
8178.181911260096,1.5503892007794942
8205.826418497141,1.5548201900163912
8233.564371782304,1.5592654136249477
8261.396086988967,1.563724813781576
8289.321881058237,1.571680664750515
8317.342072002584,1.58010402931394
8345.456978909446,1.5885546924011864
8373.666921944863,1.5970326353869913
8401.97222235713,1.6055378383297454
8430.373202480427,1.6155561566277623
8458.870185738539,1.6268594446802067
8487.4634966485,1.6381991990979012
8516.153460824304,1.6495754259284723
8544.940404980618,1.6609881299617528
8573.824656936467,1.67274894891638
8602.806545619025,1.685809557863941
8631.886401067315,1.698911974481827
8661.06455443599,1.712056216434154
8690.3413379991,1.7252423001429638
8719.717085153849,1.738470240779444
8749.19213042444,1.7517888672846214
8778.766809465855,1.765157914910472
8808.441459067679,1.7785690512529457
8838.216417157939,1.792022287047846
8868.09202280696,1.8055176317388557
8898.068616231196,1.8182317331022837
8928.146538797146,1.8301904278481194
8958.326133025217,1.8421857729240696
8988.607742593631,1.8542177539980926
9018.99171234234,1.8662863553403575
9049.478388276928,1.8778561281679553
9080.0681175726,1.8867341783047324
9110.7612485781,1.8956377607095367
9141.558130819682,1.9045668166816119
9172.4591150051,1.9135212859527932
9203.464553027605,1.922501106678375
9234.574797969914,1.927509227325459
9265.790204108293,1.931649549476744
9297.111126916545,1.9357984984193635
9328.537923070076,1.93995595003747
9360.07095044996,1.9441217784045886
9391.710568146982,1.9450518808418276
9423.45713646578,1.9423914740353843
9455.311016928912,1.9397159253541048
9487.27257228098,1.9370250233475592
9519.34216649277,1.9343185544423966
9551.52016476537,1.9305760599594415
9583.806933534366,1.9200138032868057
9616.202840473996,1.9094088788621535
9648.708254501333,1.8987609751163443
9681.323545780502,1.8880697780027036
9714.049085726858,1.8773349709854434
9746.88524701127,1.8592127971112011
9779.832403564324,1.8390176207119306
9812.890930580605,1.8187461891688659
9846.061204522945,1.798398068785596
9879.34360312674,1.7779728229569511
9912.738505404208,1.7532634742599753
9946.246291648764,1.7231256352436017
9979.867343439302,1.692877038023218
10013.602043644556,1.6625171250292299
10047.450776427506,1.6320453353498359
10081.41392724962,1.6004693235235563
10115.491882875403,1.5594801767961899
10149.685031376712,1.5183426609707698
10183.993762137188,1.4770560840262583
10218.418465856705,1.4356197501304093
10252.95953455582,1.394032959624031
10287.617361580176,1.345129569225372
10322.392341605087,1.2936807466884253
10357.284870639964,1.2420470333752225
10392.295346032828,1.190227604935981
10427.42416647486,1.1382216327448031
10462.671732004916,1.0824531900772159
10498.0384440141,1.021273848940245
10533.524705250322,0.9598757134281499
10569.1309198229,0.8982578371094201
10604.857493207142,0.8364192688483254
10640.704832248986,0.7738894887198637
10676.673345169613,0.7041162972066075
10712.7634415701,0.6340942124235465
10748.9755324361,0.5638221786389399
10785.310030142531,0.4932991350306551
10821.767348458176,0.4225240156655965
10858.347902550544,0.347564636473843
10895.0521089905,0.2707912834688707
10931.88038575704,0.19374406539885458
10968.833152242032,0.11642183293515751
11005.910829255035,0.03882343131951799
11043.11383902799,-0.04021634294396831
11080.442605220169,-0.1214957705455792
11117.897552922905,-0.20306542841945346
11155.479108664447,-0.2849265289788396
11193.187700414845,-0.3670802903021652
11231.02375759079,-0.4495510704728029
11268.98771106053,-0.5331042238232857
11307.079993148762,-0.6169564657588993
11345.30103764156,-0.70110904652174
11383.651279791313,-0.7855632221734286
11422.131156321682,-0.8703202546207289
11460.74110543258,-0.9541296943427067
11499.481566805152,-1.0376608946989552
11538.352981606788,-1.1214925688974975
11577.355792496142,-1.2056259815168389
11616.490443628203,-1.2900624030428827
11655.75738065926,-1.3733610165754573
11695.1570507521,-1.4541504258766447
11734.689902581033,-1.5352323018852712
11774.356386337004,-1.6166078903550898
11814.15695373276,-1.6982784429244593
11854.092058007878,-1.780245217145186
11894.16215393409,-1.856117504594305
11934.367697820357,-1.9322334834292938
11974.709147518082,-2.0086276995980867
12015.186962426344,-2.0853013609434923
12055.80160349711,-2.162255681126568
12096.55353324049,-2.234405375552856
12137.443215730014,-2.304080173060961
12178.471116607898,-2.374012789032428
12219.637703090362,-2.4442043710908012
12260.943443972948,-2.514656072539693
12302.388809635851,-2.5826186587217976
12343.974272049283,-2.6445730146284583
12385.700304778851,-2.706760490569735
12427.56738299093,-2.7691821598407773
12469.575983458126,-2.831839101246818
12511.726584564589,-2.8947323991400875
12554.01966631161,-2.949160416159105
12596.455710322996,-3.003442292250852
12639.035199850578,-3.057933093605689
12681.758619779705,-3.112633823319969
12724.626456634798,-3.1675454898868547
12767.639198584791,-3.217294023632007
12810.797335448844,-3.2638830393739866
12854.101358701804,-3.3106564810558163
12897.551761479846,-3.3576152792410747
12941.149038586082,-3.4047603697765276
12984.893686496189,-3.4499134676762857
13028.786203364072,-3.489391745290105
13072.827089027538,-3.529031970038228
13117.016845013974,-3.5688350075008715
13161.355974546075,-3.6088017284856524
13205.844982547562,-3.648933009082569
13250.484375648944,-3.682934043391556
13295.274662193273,-3.7165832740346247
13340.216352241943,-3.75037669224858
13385.309957580532,-3.78431511798544
13430.555991724495,-3.818399376521388
13475.954969925211,-3.8497133025296404
13521.507409175712,-3.879068989902399
13567.213828216609,-3.908556040302479
13613.074747542,-3.9381752436039776
13659.09068940543,-3.9679273951704865
13705.262177825714,-3.9969071902699382
13751.589738593086,-4.023105302477128
13798.07389927506,-4.049425862210379
13844.715189222476,-4.075869643942203
13891.514139575527,-4.102437427916603
13938.471283269811,-4.129130000244896
13985.587155042384,-4.153750526873416
14032.86229143787,-4.178225949383628
14080.297230814554,-4.202820208535892
14127.892513350527,-4.227534086737424
14175.648681049828,-4.252368372708848
14223.566277748618,-4.276704745102227
14271.645849121376,-4.300650258809094
14319.887942687108,-4.324714759169827
14368.293107815589,-4.348899048496437
14416.861895733642,-4.373203936034482
14465.594859531298,-4.397554218300093
14514.49255416828,-4.421728601854708
14563.555536480191,-4.446024789743494
14612.7843651849,-4.470443616242931
14662.179600888912,-4.49498592337041
14711.741806093662,-4.519652561071419
14761.471545202074,-4.544915445449404
14811.369384524887,-4.570383383659861
14861.43589228712,-4.595980111196395
14911.671638634552,-4.621706518053008
14962.077195640211,-4.647563503247478
15012.653137310894,-4.674206253687223
15063.400039593693,-4.701602528022837
15114.318480382555,-4.729136445612231
15165.409039524884,-4.756808958726151
15216.672298828114,-4.784621030065062
15268.108842066353,-4.812972393044132
15319.719254987023,-4.843421534404835
15371.504125317544,-4.874021148498831
15423.464042772002,-4.904772269941371
15475.59959905792,-4.935675945596922
15527.91138788286,-4.96673323497973
15580.400004961371,-5.000913302988824
15633.06604802165,-5.035889491994916
15685.910116812383,-5.071034751019372
15738.932813109568,-5.106350235847818
15792.134740723404,-5.141837117396276
15845.516505505042,-5.180167859683864
15899.07871535367,-5.221575672540739
15952.82198022331,-5.263177334817656
16006.7469121298,-5.30497414742037
16060.854125157755,-5.34696742964979
16115.144235467576,-5.390325546358663
16169.617861302437,-5.4413249760882865
16224.27562299536,-5.492554052463314
16279.118142976262,-5.544014274319182
16334.146045779036,-5.595707163235065
16389.35995804868,-5.647634264483808
16444.76050854842,-5.709699173980709
16500.348328166878,-5.774654765117671
16556.12404992525,-5.839891797406475
16612.088308984552,-5.9054120650402515
16668.24174265272,-5.971217392067284
16724.58499039207,-6.045517449779499
16781.118693826436,-6.1303302085977345
16837.843496748526,-6.215495996331913
16894.760045127234,-6.3010169814806565
16951.86898711505,-6.386895370794417
17009.17097305529,-6.475778920781693
17066.666655489717,-6.588420004428902
17124.356689165823,-6.701513387201287
17182.241731044338,-6.8150617461503
17240.32244030669,-6.929067808135452
17298.59947836253,-7.043534352383723
17357.073508857244,-7.185658735594001
17415.745197679535,-7.337076980990267
17474.615212968984,-7.489086153734781
17533.684225123678,-7.641689683464542
17592.952906807823,-7.794891069321207
17652.42193295942,-7.968193466247878
17712.09198079795,-8.169973079637089
17771.963729832078,-8.37252163313372
17832.03786186739,-8.575843486761546
17892.315061014215,-8.779943094277883
17952.796013695235,-8.988993115548077
18013.481408653555,-9.256115437218952
18074.371936960375,-9.52423722370702
18135.468292022913,-9.793364065890874
18196.771169592324,-10.063501683214318
18258.281267771486,-10.334655931820315
18319.99928702317,-10.661271639773283
18381.925930177866,-11.00996471794349
18444.061902441823,-11.35994807597435
18506.40791140508,-11.71122907500445
18568.96466704953,-12.063815267822058
18631.732881757,-12.450911009935366
18694.713270317352,-12.894003356866735
18757.906549936655,-13.338721876635233
18821.31344024532,-13.785076037284263
18884.9346633063,-14.233075580971079
18948.770943623334,-14.685956208206004
19012.82300814918,-15.232447738982358
19077.09158629389,-15.78093744111956
19141.57740993312,-16.33143746473644
19206.281213416525,-16.883960360969812
19271.203733575923,-17.438519114241036
19336.345709733963,-18.0578471208921
19401.707883712363,-18.707769364355165
19467.290999840392,-19.360077844310517
19533.095804963377,-20.014788713928407
19599.123048451205,-20.67191878099904
19665.37348220674,-21.355292867726387
19731.8478606746,-22.086563440781763
19798.546940849577,-22.820542256716596
19865.47148228534,-23.557250182228124
19932.62224710303,-24.29670910377875
20000.000000000004,-25.038942026317162
